"","project","language","article","access","agent","granularity","date","views"
"1","wikipedia","en","Facebook","mobile-web","user","daily",2015-11-01,18417
"2","wikipedia","en","Facebook","mobile-web","user","daily",2015-11-02,17231
"3","wikipedia","en","Facebook","mobile-web","user","daily",2015-11-03,17273
"4","wikipedia","en","Facebook","mobile-web","user","daily",2015-11-04,17722
"5","wikipedia","en","Facebook","mobile-web","user","daily",2015-11-05,19422
"6","wikipedia","en","Facebook","mobile-web","user","daily",2015-11-06,19565
"7","wikipedia","en","Facebook","mobile-web","user","daily",2015-11-07,19141
"8","wikipedia","en","Facebook","mobile-web","user","daily",2015-11-08,20976
"9","wikipedia","en","Facebook","mobile-web","user","daily",2015-11-09,17610
"10","wikipedia","en","Facebook","mobile-web","user","daily",2015-11-10,17806
"11","wikipedia","en","Facebook","mobile-web","user","daily",2015-11-11,18088
"12","wikipedia","en","Facebook","mobile-web","user","daily",2015-11-12,17399
"13","wikipedia","en","Facebook","mobile-web","user","daily",2015-11-13,17391
"14","wikipedia","en","Facebook","mobile-web","user","daily",2015-11-14,18595
"15","wikipedia","en","Facebook","mobile-web","user","daily",2015-11-15,19496
"16","wikipedia","en","Facebook","mobile-web","user","daily",2015-11-16,19299
"17","wikipedia","en","Facebook","mobile-web","user","daily",2015-11-17,20457
"18","wikipedia","en","Facebook","mobile-web","user","daily",2015-11-18,21854
"19","wikipedia","en","Facebook","mobile-web","user","daily",2015-11-19,21328
"20","wikipedia","en","Facebook","mobile-web","user","daily",2015-11-20,21456
"21","wikipedia","en","Facebook","mobile-web","user","daily",2015-11-21,22409
"22","wikipedia","en","Facebook","mobile-web","user","daily",2015-11-22,22489
"23","wikipedia","en","Facebook","mobile-web","user","daily",2015-11-23,21327
"24","wikipedia","en","Facebook","mobile-web","user","daily",2015-11-24,19992
"25","wikipedia","en","Facebook","mobile-web","user","daily",2015-11-25,20639
"26","wikipedia","en","Facebook","mobile-web","user","daily",2015-11-26,20946
"27","wikipedia","en","Facebook","mobile-web","user","daily",2015-11-27,20404
"28","wikipedia","en","Facebook","mobile-web","user","daily",2015-11-28,20415
"29","wikipedia","en","Facebook","mobile-web","user","daily",2015-11-29,20847
"30","wikipedia","en","Facebook","mobile-web","user","daily",2015-11-30,19250
"31","wikipedia","en","Facebook","mobile-web","user","daily",2015-12-01,20611
"32","wikipedia","en","Facebook","mobile-web","user","daily",2015-12-02,28188
"33","wikipedia","en","Facebook","mobile-web","user","daily",2015-12-03,195024
"34","wikipedia","en","Facebook","mobile-web","user","daily",2015-12-04,338046
"35","wikipedia","en","Facebook","mobile-web","user","daily",2015-12-05,265504
"36","wikipedia","en","Facebook","mobile-web","user","daily",2015-12-06,255337
"37","wikipedia","en","Facebook","mobile-web","user","daily",2015-12-07,205509
"38","wikipedia","en","Facebook","mobile-web","user","daily",2015-12-08,185898
"39","wikipedia","en","Facebook","mobile-web","user","daily",2015-12-09,201358
"40","wikipedia","en","Facebook","mobile-web","user","daily",2015-12-10,120130
"41","wikipedia","en","Facebook","mobile-web","user","daily",2015-12-11,22370
"42","wikipedia","en","Facebook","mobile-web","user","daily",2015-12-12,20646
"43","wikipedia","en","Facebook","mobile-web","user","daily",2015-12-13,21227
"44","wikipedia","en","Facebook","mobile-web","user","daily",2015-12-14,21025
"45","wikipedia","en","Facebook","mobile-web","user","daily",2015-12-15,19604
"46","wikipedia","en","Facebook","mobile-web","user","daily",2015-12-16,19760
"47","wikipedia","en","Facebook","mobile-web","user","daily",2015-12-17,20945
"48","wikipedia","en","Facebook","mobile-web","user","daily",2015-12-18,21998
"49","wikipedia","en","Facebook","mobile-web","user","daily",2015-12-19,19969
"50","wikipedia","en","Facebook","mobile-web","user","daily",2015-12-20,20095
"51","wikipedia","en","Facebook","mobile-web","user","daily",2015-12-21,19538
"52","wikipedia","en","Facebook","mobile-web","user","daily",2015-12-22,21927
"53","wikipedia","en","Facebook","mobile-web","user","daily",2015-12-23,23045
"54","wikipedia","en","Facebook","mobile-web","user","daily",2015-12-24,21217
"55","wikipedia","en","Facebook","mobile-web","user","daily",2015-12-25,21885
"56","wikipedia","en","Facebook","mobile-web","user","daily",2015-12-26,23993
"57","wikipedia","en","Facebook","mobile-web","user","daily",2015-12-27,24215
"58","wikipedia","en","Facebook","mobile-web","user","daily",2015-12-28,23227
"59","wikipedia","en","Facebook","mobile-web","user","daily",2015-12-29,23276
"60","wikipedia","en","Facebook","mobile-web","user","daily",2015-12-30,24203
"61","wikipedia","en","Facebook","mobile-web","user","daily",2015-12-31,21931
"62","wikipedia","en","Facebook","mobile-web","user","daily",2016-01-01,23303
"63","wikipedia","en","Facebook","mobile-web","user","daily",2016-01-02,24116
"64","wikipedia","en","Facebook","mobile-web","user","daily",2016-01-03,23008
"65","wikipedia","en","Facebook","mobile-web","user","daily",2016-01-04,21986
"66","wikipedia","en","Facebook","mobile-web","user","daily",2016-01-05,23140
"67","wikipedia","en","Facebook","mobile-web","user","daily",2016-01-06,22018
"68","wikipedia","en","Facebook","mobile-web","user","daily",2016-01-07,21479
"69","wikipedia","en","Facebook","mobile-web","user","daily",2016-01-08,25074
"70","wikipedia","en","Facebook","mobile-web","user","daily",2016-01-09,25340
"71","wikipedia","en","Facebook","mobile-web","user","daily",2016-01-10,21777
"72","wikipedia","en","Facebook","mobile-web","user","daily",2016-01-11,21145
"73","wikipedia","en","Facebook","mobile-web","user","daily",2016-01-12,18807
"74","wikipedia","en","Facebook","mobile-web","user","daily",2016-01-13,23260
"75","wikipedia","en","Facebook","mobile-web","user","daily",2016-01-14,21083
"76","wikipedia","en","Facebook","mobile-web","user","daily",2016-01-15,22986
"77","wikipedia","en","Facebook","mobile-web","user","daily",2016-01-16,22627
"78","wikipedia","en","Facebook","mobile-web","user","daily",2016-01-17,32346
"79","wikipedia","en","Facebook","mobile-web","user","daily",2016-01-18,23148
"80","wikipedia","en","Facebook","mobile-web","user","daily",2016-01-19,20612
"81","wikipedia","en","Facebook","mobile-web","user","daily",2016-01-20,20162
"82","wikipedia","en","Facebook","mobile-web","user","daily",2016-01-21,20514
"83","wikipedia","en","Facebook","mobile-web","user","daily",2016-01-22,19544
"84","wikipedia","en","Facebook","mobile-web","user","daily",2016-01-23,18372
"85","wikipedia","en","Facebook","mobile-web","user","daily",2016-01-24,19492
"86","wikipedia","en","Facebook","mobile-web","user","daily",2016-01-25,16463
"87","wikipedia","en","Facebook","mobile-web","user","daily",2016-01-26,16343
"88","wikipedia","en","Facebook","mobile-web","user","daily",2016-01-27,21432
"89","wikipedia","en","Facebook","mobile-web","user","daily",2016-01-28,22212
"90","wikipedia","en","Facebook","mobile-web","user","daily",2016-01-29,23513
"91","wikipedia","en","Facebook","mobile-web","user","daily",2016-01-30,24504
"92","wikipedia","en","Facebook","mobile-web","user","daily",2016-01-31,19304
"93","wikipedia","en","Facebook","mobile-web","user","daily",2016-02-01,19635
"94","wikipedia","en","Facebook","mobile-web","user","daily",2016-02-02,19498
"95","wikipedia","en","Facebook","mobile-web","user","daily",2016-02-03,19933
"96","wikipedia","en","Facebook","mobile-web","user","daily",2016-02-04,32352
"97","wikipedia","en","Facebook","mobile-web","user","daily",2016-02-05,24444
"98","wikipedia","en","Facebook","mobile-web","user","daily",2016-02-06,20843
"99","wikipedia","en","Facebook","mobile-web","user","daily",2016-02-07,20380
"100","wikipedia","en","Facebook","mobile-web","user","daily",2016-02-08,19077
"101","wikipedia","en","Facebook","mobile-web","user","daily",2016-02-09,18984
"102","wikipedia","en","Facebook","mobile-web","user","daily",2016-02-10,21446
"103","wikipedia","en","Facebook","mobile-web","user","daily",2016-02-11,19101
"104","wikipedia","en","Facebook","mobile-web","user","daily",2016-02-12,20053
"105","wikipedia","en","Facebook","mobile-web","user","daily",2016-02-13,21353
"106","wikipedia","en","Facebook","mobile-web","user","daily",2016-02-14,19412
"107","wikipedia","en","Facebook","mobile-web","user","daily",2016-02-15,19070
"108","wikipedia","en","Facebook","mobile-web","user","daily",2016-02-16,17542
"109","wikipedia","en","Facebook","mobile-web","user","daily",2016-02-17,19702
"110","wikipedia","en","Facebook","mobile-web","user","daily",2016-02-18,19667
"111","wikipedia","en","Facebook","mobile-web","user","daily",2016-02-19,20180
"112","wikipedia","en","Facebook","mobile-web","user","daily",2016-02-20,19828
"113","wikipedia","en","Facebook","mobile-web","user","daily",2016-02-21,20414
"114","wikipedia","en","Facebook","mobile-web","user","daily",2016-02-22,16961
"115","wikipedia","en","Facebook","mobile-web","user","daily",2016-02-23,17558
"116","wikipedia","en","Facebook","mobile-web","user","daily",2016-02-24,16786
"117","wikipedia","en","Facebook","mobile-web","user","daily",2016-02-25,17970
"118","wikipedia","en","Facebook","mobile-web","user","daily",2016-02-26,19492
"119","wikipedia","en","Facebook","mobile-web","user","daily",2016-02-27,18247
"120","wikipedia","en","Facebook","mobile-web","user","daily",2016-02-28,22347
"121","wikipedia","en","Facebook","mobile-web","user","daily",2016-02-29,17508
"122","wikipedia","en","Facebook","mobile-web","user","daily",2016-03-01,16271
"123","wikipedia","en","Facebook","mobile-web","user","daily",2016-03-02,18288
"124","wikipedia","en","Facebook","mobile-web","user","daily",2016-03-03,19238
"125","wikipedia","en","Facebook","mobile-web","user","daily",2016-03-04,18551
"126","wikipedia","en","Facebook","mobile-web","user","daily",2016-03-05,21906
"127","wikipedia","en","Facebook","mobile-web","user","daily",2016-03-06,20464
"128","wikipedia","en","Facebook","mobile-web","user","daily",2016-03-07,19425
"129","wikipedia","en","Facebook","mobile-web","user","daily",2016-03-08,19573
"130","wikipedia","en","Facebook","mobile-web","user","daily",2016-03-09,18917
"131","wikipedia","en","Facebook","mobile-web","user","daily",2016-03-10,18122
"132","wikipedia","en","Facebook","mobile-web","user","daily",2016-03-11,19492
"133","wikipedia","en","Facebook","mobile-web","user","daily",2016-03-12,20294
"134","wikipedia","en","Facebook","mobile-web","user","daily",2016-03-13,19675
"135","wikipedia","en","Facebook","mobile-web","user","daily",2016-03-14,18295
"136","wikipedia","en","Facebook","mobile-web","user","daily",2016-03-15,18011
"137","wikipedia","en","Facebook","mobile-web","user","daily",2016-03-16,18237
"138","wikipedia","en","Facebook","mobile-web","user","daily",2016-03-17,17560
"139","wikipedia","en","Facebook","mobile-web","user","daily",2016-03-18,17327
"140","wikipedia","en","Facebook","mobile-web","user","daily",2016-03-19,17410
"141","wikipedia","en","Facebook","mobile-web","user","daily",2016-03-20,19495
"142","wikipedia","en","Facebook","mobile-web","user","daily",2016-03-21,20633
"143","wikipedia","en","Facebook","mobile-web","user","daily",2016-03-22,18074
"144","wikipedia","en","Facebook","mobile-web","user","daily",2016-03-23,18041
"145","wikipedia","en","Facebook","mobile-web","user","daily",2016-03-24,17552
"146","wikipedia","en","Facebook","mobile-web","user","daily",2016-03-25,17996
"147","wikipedia","en","Facebook","mobile-web","user","daily",2016-03-26,19304
"148","wikipedia","en","Facebook","mobile-web","user","daily",2016-03-27,20958
"149","wikipedia","en","Facebook","mobile-web","user","daily",2016-03-28,19771
"150","wikipedia","en","Facebook","mobile-web","user","daily",2016-03-29,18991
"151","wikipedia","en","Facebook","mobile-web","user","daily",2016-03-30,18676
"152","wikipedia","en","Facebook","mobile-web","user","daily",2016-03-31,27172
"153","wikipedia","en","Facebook","mobile-web","user","daily",2016-04-01,17888
"154","wikipedia","en","Facebook","mobile-web","user","daily",2016-04-02,17458
"155","wikipedia","en","Facebook","mobile-web","user","daily",2016-04-03,18124
"156","wikipedia","en","Facebook","mobile-web","user","daily",2016-04-04,18738
"157","wikipedia","en","Facebook","mobile-web","user","daily",2016-04-05,16659
"158","wikipedia","en","Facebook","mobile-web","user","daily",2016-04-06,16721
"159","wikipedia","en","Facebook","mobile-web","user","daily",2016-04-07,17347
"160","wikipedia","en","Facebook","mobile-web","user","daily",2016-04-08,18105
"161","wikipedia","en","Facebook","mobile-web","user","daily",2016-04-09,17503
"162","wikipedia","en","Facebook","mobile-web","user","daily",2016-04-10,18926
"163","wikipedia","en","Facebook","mobile-web","user","daily",2016-04-11,15969
"164","wikipedia","en","Facebook","mobile-web","user","daily",2016-04-12,15670
"165","wikipedia","en","Facebook","mobile-web","user","daily",2016-04-13,16138
"166","wikipedia","en","Facebook","mobile-web","user","daily",2016-04-14,18062
"167","wikipedia","en","Facebook","mobile-web","user","daily",2016-04-15,15568
"168","wikipedia","en","Facebook","mobile-web","user","daily",2016-04-16,14828
"169","wikipedia","en","Facebook","mobile-web","user","daily",2016-04-17,16691
"170","wikipedia","en","Facebook","mobile-web","user","daily",2016-04-18,15184
"171","wikipedia","en","Facebook","mobile-web","user","daily",2016-04-19,15099
"172","wikipedia","en","Facebook","mobile-web","user","daily",2016-04-20,13938
"173","wikipedia","en","Facebook","mobile-web","user","daily",2016-04-21,16143
"174","wikipedia","en","Facebook","mobile-web","user","daily",2016-04-22,17436
"175","wikipedia","en","Facebook","mobile-web","user","daily",2016-04-23,16954
"176","wikipedia","en","Facebook","mobile-web","user","daily",2016-04-24,15374
"177","wikipedia","en","Facebook","mobile-web","user","daily",2016-04-25,15008
"178","wikipedia","en","Facebook","mobile-web","user","daily",2016-04-26,14894
"179","wikipedia","en","Facebook","mobile-web","user","daily",2016-04-27,15712
"180","wikipedia","en","Facebook","mobile-web","user","daily",2016-04-28,20716
"181","wikipedia","en","Facebook","mobile-web","user","daily",2016-04-29,16291
"182","wikipedia","en","Facebook","mobile-web","user","daily",2016-04-30,16398
"183","wikipedia","en","Facebook","mobile-web","user","daily",2016-05-01,16848
"184","wikipedia","en","Facebook","mobile-web","user","daily",2016-05-02,18682
"185","wikipedia","en","Facebook","mobile-web","user","daily",2016-05-03,15992
"186","wikipedia","en","Facebook","mobile-web","user","daily",2016-05-04,15907
"187","wikipedia","en","Facebook","mobile-web","user","daily",2016-05-05,15320
"188","wikipedia","en","Facebook","mobile-web","user","daily",2016-05-06,14787
"189","wikipedia","en","Facebook","mobile-web","user","daily",2016-05-07,15316
"190","wikipedia","en","Facebook","mobile-web","user","daily",2016-05-08,17387
"191","wikipedia","en","Facebook","mobile-web","user","daily",2016-05-09,14793
"192","wikipedia","en","Facebook","mobile-web","user","daily",2016-05-10,14302
"193","wikipedia","en","Facebook","mobile-web","user","daily",2016-05-11,14700
"194","wikipedia","en","Facebook","mobile-web","user","daily",2016-05-12,14340
"195","wikipedia","en","Facebook","mobile-web","user","daily",2016-05-13,15709
"196","wikipedia","en","Facebook","mobile-web","user","daily",2016-05-14,15697
"197","wikipedia","en","Facebook","mobile-web","user","daily",2016-05-15,16654
"198","wikipedia","en","Facebook","mobile-web","user","daily",2016-05-16,15162
"199","wikipedia","en","Facebook","mobile-web","user","daily",2016-05-17,15464
"200","wikipedia","en","Facebook","mobile-web","user","daily",2016-05-18,16595
"201","wikipedia","en","Facebook","mobile-web","user","daily",2016-05-19,20981
"202","wikipedia","en","Facebook","mobile-web","user","daily",2016-05-20,20624
"203","wikipedia","en","Facebook","mobile-web","user","daily",2016-05-21,18408
"204","wikipedia","en","Facebook","mobile-web","user","daily",2016-05-22,16366
"205","wikipedia","en","Facebook","mobile-web","user","daily",2016-05-23,17665
"206","wikipedia","en","Facebook","mobile-web","user","daily",2016-05-24,16725
"207","wikipedia","en","Facebook","mobile-web","user","daily",2016-05-25,15944
"208","wikipedia","en","Facebook","mobile-web","user","daily",2016-05-26,20046
"209","wikipedia","en","Facebook","mobile-web","user","daily",2016-05-27,17667
"210","wikipedia","en","Facebook","mobile-web","user","daily",2016-05-28,15332
"211","wikipedia","en","Facebook","mobile-web","user","daily",2016-05-29,18476
"212","wikipedia","en","Facebook","mobile-web","user","daily",2016-05-30,18864
"213","wikipedia","en","Facebook","mobile-web","user","daily",2016-05-31,17593
"214","wikipedia","en","Facebook","mobile-web","user","daily",2016-06-01,16556
"215","wikipedia","en","Facebook","mobile-web","user","daily",2016-06-02,15234
"216","wikipedia","en","Facebook","mobile-web","user","daily",2016-06-03,15030
"217","wikipedia","en","Facebook","mobile-web","user","daily",2016-06-04,16711
"218","wikipedia","en","Facebook","mobile-web","user","daily",2016-06-05,25735
"219","wikipedia","en","Facebook","mobile-web","user","daily",2016-06-06,17695
"220","wikipedia","en","Facebook","mobile-web","user","daily",2016-06-07,14738
"221","wikipedia","en","Facebook","mobile-web","user","daily",2016-06-08,20084
"222","wikipedia","en","Facebook","mobile-web","user","daily",2016-06-09,15846
"223","wikipedia","en","Facebook","mobile-web","user","daily",2016-06-10,17007
"224","wikipedia","en","Facebook","mobile-web","user","daily",2016-06-11,23311
"225","wikipedia","en","Facebook","mobile-web","user","daily",2016-06-12,19208
"226","wikipedia","en","Facebook","mobile-web","user","daily",2016-06-13,16138
"227","wikipedia","en","Facebook","mobile-web","user","daily",2016-06-14,16677
"228","wikipedia","en","Facebook","mobile-web","user","daily",2016-06-15,18790
"229","wikipedia","en","Facebook","mobile-web","user","daily",2016-06-16,17893
"230","wikipedia","en","Facebook","mobile-web","user","daily",2016-06-17,14341
"231","wikipedia","en","Facebook","mobile-web","user","daily",2016-06-18,16012
"232","wikipedia","en","Facebook","mobile-web","user","daily",2016-06-19,20352
"233","wikipedia","en","Facebook","mobile-web","user","daily",2016-06-20,18786
"234","wikipedia","en","Facebook","mobile-web","user","daily",2016-06-21,14919
"235","wikipedia","en","Facebook","mobile-web","user","daily",2016-06-22,15132
"236","wikipedia","en","Facebook","mobile-web","user","daily",2016-06-23,15537
"237","wikipedia","en","Facebook","mobile-web","user","daily",2016-06-24,17057
"238","wikipedia","en","Facebook","mobile-web","user","daily",2016-06-25,17163
"239","wikipedia","en","Facebook","mobile-web","user","daily",2016-06-26,16826
"240","wikipedia","en","Facebook","mobile-web","user","daily",2016-06-27,18269
"241","wikipedia","en","Facebook","mobile-web","user","daily",2016-06-28,17404
"242","wikipedia","en","Facebook","mobile-web","user","daily",2016-06-29,18691
"243","wikipedia","en","Facebook","mobile-web","user","daily",2016-06-30,15919
"244","wikipedia","en","Facebook","mobile-web","user","daily",2016-07-01,17236
"245","wikipedia","en","Facebook","mobile-web","user","daily",2016-07-02,18135
"246","wikipedia","en","Facebook","mobile-web","user","daily",2016-07-03,16865
"247","wikipedia","en","Facebook","mobile-web","user","daily",2016-07-04,18393
"248","wikipedia","en","Facebook","mobile-web","user","daily",2016-07-05,17292
"249","wikipedia","en","Facebook","mobile-web","user","daily",2016-07-06,17867
"250","wikipedia","en","Facebook","mobile-web","user","daily",2016-07-07,17671
"251","wikipedia","en","Facebook","mobile-web","user","daily",2016-07-08,18422
"252","wikipedia","en","Facebook","mobile-web","user","daily",2016-07-09,18242
"253","wikipedia","en","Facebook","mobile-web","user","daily",2016-07-10,20533
"254","wikipedia","en","Facebook","mobile-web","user","daily",2016-07-11,18904
"255","wikipedia","en","Facebook","mobile-web","user","daily",2016-07-12,21198
"256","wikipedia","en","Facebook","mobile-web","user","daily",2016-07-13,15748
"257","wikipedia","en","Facebook","mobile-web","user","daily",2016-07-14,13671
"258","wikipedia","en","Facebook","mobile-web","user","daily",2016-07-15,14416
"259","wikipedia","en","Facebook","mobile-web","user","daily",2016-07-16,18272
"260","wikipedia","en","Facebook","mobile-web","user","daily",2016-07-17,18434
"261","wikipedia","en","Facebook","mobile-web","user","daily",2016-07-18,16750
"262","wikipedia","en","Facebook","mobile-web","user","daily",2016-07-19,15988
"263","wikipedia","en","Facebook","mobile-web","user","daily",2016-07-20,14441
"264","wikipedia","en","Facebook","mobile-web","user","daily",2016-07-21,13996
"265","wikipedia","en","Facebook","mobile-web","user","daily",2016-07-22,14581
"266","wikipedia","en","Facebook","mobile-web","user","daily",2016-07-23,14089
"267","wikipedia","en","Facebook","mobile-web","user","daily",2016-07-24,15628
"268","wikipedia","en","Facebook","mobile-web","user","daily",2016-07-25,14665
"269","wikipedia","en","Facebook","mobile-web","user","daily",2016-07-26,17464
"270","wikipedia","en","Facebook","mobile-web","user","daily",2016-07-27,17493
"271","wikipedia","en","Facebook","mobile-web","user","daily",2016-07-28,15732
"272","wikipedia","en","Facebook","mobile-web","user","daily",2016-07-29,14417
"273","wikipedia","en","Facebook","mobile-web","user","daily",2016-07-30,14635
"274","wikipedia","en","Facebook","mobile-web","user","daily",2016-07-31,17033
"275","wikipedia","en","Facebook","mobile-web","user","daily",2016-08-01,15795
"276","wikipedia","en","Facebook","mobile-web","user","daily",2016-08-02,20771
"277","wikipedia","en","Facebook","mobile-web","user","daily",2016-08-03,16096
"278","wikipedia","en","Facebook","mobile-web","user","daily",2016-08-04,14912
"279","wikipedia","en","Facebook","mobile-web","user","daily",2016-08-05,15482
"280","wikipedia","en","Facebook","mobile-web","user","daily",2016-08-06,16426
"281","wikipedia","en","Facebook","mobile-web","user","daily",2016-08-07,15589
"282","wikipedia","en","Facebook","mobile-web","user","daily",2016-08-08,15473
"283","wikipedia","en","Facebook","mobile-web","user","daily",2016-08-09,17417
"284","wikipedia","en","Facebook","mobile-web","user","daily",2016-08-10,16191
"285","wikipedia","en","Facebook","mobile-web","user","daily",2016-08-11,15827
"286","wikipedia","en","Facebook","mobile-web","user","daily",2016-08-12,15292
"287","wikipedia","en","Facebook","mobile-web","user","daily",2016-08-13,15309
"288","wikipedia","en","Facebook","mobile-web","user","daily",2016-08-14,15318
"289","wikipedia","en","Facebook","mobile-web","user","daily",2016-08-15,15182
"290","wikipedia","en","Facebook","mobile-web","user","daily",2016-08-16,14661
"291","wikipedia","en","Facebook","mobile-web","user","daily",2016-08-17,14284
"292","wikipedia","en","Facebook","mobile-web","user","daily",2016-08-18,16255
"293","wikipedia","en","Facebook","mobile-web","user","daily",2016-08-19,14971
"294","wikipedia","en","Facebook","mobile-web","user","daily",2016-08-20,15206
"295","wikipedia","en","Facebook","mobile-web","user","daily",2016-08-21,16560
"296","wikipedia","en","Facebook","mobile-web","user","daily",2016-08-22,18082
"297","wikipedia","en","Facebook","mobile-web","user","daily",2016-08-23,17165
"298","wikipedia","en","Facebook","mobile-web","user","daily",2016-08-24,15720
"299","wikipedia","en","Facebook","mobile-web","user","daily",2016-08-25,16850
"300","wikipedia","en","Facebook","mobile-web","user","daily",2016-08-26,16529
"301","wikipedia","en","Facebook","mobile-web","user","daily",2016-08-27,15609
"302","wikipedia","en","Facebook","mobile-web","user","daily",2016-08-28,16905
"303","wikipedia","en","Facebook","mobile-web","user","daily",2016-08-29,17288
"304","wikipedia","en","Facebook","mobile-web","user","daily",2016-08-30,16475
"305","wikipedia","en","Facebook","mobile-web","user","daily",2016-08-31,16070
"306","wikipedia","en","Facebook","mobile-web","user","daily",2016-09-01,15925
"307","wikipedia","en","Facebook","mobile-web","user","daily",2016-09-02,16534
"308","wikipedia","en","Facebook","mobile-web","user","daily",2016-09-03,15353
"309","wikipedia","en","Facebook","mobile-web","user","daily",2016-09-04,15224
"310","wikipedia","en","Facebook","mobile-web","user","daily",2016-09-05,14316
"311","wikipedia","en","Facebook","mobile-web","user","daily",2016-09-06,15600
"312","wikipedia","en","Facebook","mobile-web","user","daily",2016-09-07,13319
"313","wikipedia","en","Facebook","mobile-web","user","daily",2016-09-08,14163
"314","wikipedia","en","Facebook","mobile-web","user","daily",2016-09-09,22775
"315","wikipedia","en","Facebook","mobile-web","user","daily",2016-09-10,30547
"316","wikipedia","en","Facebook","mobile-web","user","daily",2016-09-11,25726
"317","wikipedia","en","Facebook","mobile-web","user","daily",2016-09-12,19986
"318","wikipedia","en","Facebook","mobile-web","user","daily",2016-09-13,19783
"319","wikipedia","en","Facebook","mobile-web","user","daily",2016-09-14,17948
"320","wikipedia","en","Facebook","mobile-web","user","daily",2016-09-15,33507
"321","wikipedia","en","Facebook","mobile-web","user","daily",2016-09-16,24467
"322","wikipedia","en","Facebook","mobile-web","user","daily",2016-09-17,17458
"323","wikipedia","en","Facebook","mobile-web","user","daily",2016-09-18,17263
"324","wikipedia","en","Facebook","mobile-web","user","daily",2016-09-19,16051
"325","wikipedia","en","Facebook","mobile-web","user","daily",2016-09-20,14292
"326","wikipedia","en","Facebook","mobile-web","user","daily",2016-09-21,14951
"327","wikipedia","en","Facebook","mobile-web","user","daily",2016-09-22,15060
"328","wikipedia","en","Facebook","mobile-web","user","daily",2016-09-23,14077
"329","wikipedia","en","Facebook","mobile-web","user","daily",2016-09-24,16486
"330","wikipedia","en","Facebook","mobile-web","user","daily",2016-09-25,14749
"331","wikipedia","en","Facebook","mobile-web","user","daily",2016-09-26,25869
"332","wikipedia","en","Facebook","mobile-web","user","daily",2016-09-27,21432
"333","wikipedia","en","Facebook","mobile-web","user","daily",2016-09-28,15314
"334","wikipedia","en","Facebook","mobile-web","user","daily",2016-09-29,15119
"335","wikipedia","en","Facebook","mobile-web","user","daily",2016-09-30,16918
"336","wikipedia","en","Facebook","mobile-web","user","daily",2016-10-01,19645
"337","wikipedia","en","Facebook","mobile-web","user","daily",2016-10-02,14932
"338","wikipedia","en","Facebook","mobile-web","user","daily",2016-10-03,16857
"339","wikipedia","en","Facebook","mobile-web","user","daily",2016-10-04,21510
"340","wikipedia","en","Facebook","mobile-web","user","daily",2016-10-05,17293
"341","wikipedia","en","Facebook","mobile-web","user","daily",2016-10-06,18457
"342","wikipedia","en","Facebook","mobile-web","user","daily",2016-10-07,22352
"343","wikipedia","en","Facebook","mobile-web","user","daily",2016-10-08,15600
"344","wikipedia","en","Facebook","mobile-web","user","daily",2016-10-09,18581
"345","wikipedia","en","Facebook","mobile-web","user","daily",2016-10-10,16444
"346","wikipedia","en","Facebook","mobile-web","user","daily",2016-10-11,15687
"347","wikipedia","en","Facebook","mobile-web","user","daily",2016-10-12,13644
"348","wikipedia","en","Facebook","mobile-web","user","daily",2016-10-13,14748
"349","wikipedia","en","Facebook","mobile-web","user","daily",2016-10-14,40013
"350","wikipedia","en","Facebook","mobile-web","user","daily",2016-10-15,25210
"351","wikipedia","en","Facebook","mobile-web","user","daily",2016-10-16,17809
"352","wikipedia","en","Facebook","mobile-web","user","daily",2016-10-17,16973
"353","wikipedia","en","Facebook","mobile-web","user","daily",2016-10-18,46520
"354","wikipedia","en","Facebook","mobile-web","user","daily",2016-10-19,29252
"355","wikipedia","en","Facebook","mobile-web","user","daily",2016-10-20,54613
"356","wikipedia","en","Facebook","mobile-web","user","daily",2016-10-21,40238
"357","wikipedia","en","Facebook","mobile-web","user","daily",2016-10-22,89659
"358","wikipedia","en","Facebook","mobile-web","user","daily",2016-10-23,27105
"359","wikipedia","en","Facebook","mobile-web","user","daily",2016-10-24,65005
"360","wikipedia","en","Facebook","mobile-web","user","daily",2016-10-25,31004
"361","wikipedia","en","Facebook","mobile-web","user","daily",2016-10-26,16067
"362","wikipedia","en","Facebook","mobile-web","user","daily",2016-10-27,14808
"363","wikipedia","en","Facebook","mobile-web","user","daily",2016-10-28,14266
"364","wikipedia","en","Facebook","mobile-web","user","daily",2016-10-29,15134
"365","wikipedia","en","Facebook","mobile-web","user","daily",2016-10-30,15691
"366","wikipedia","en","Facebook","mobile-web","user","daily",2016-10-31,14195
"367","wikipedia","en","Facebook","mobile-web","user","daily",2016-11-01,15395
"368","wikipedia","en","Facebook","mobile-web","user","daily",2016-11-02,16199
"369","wikipedia","en","Facebook","mobile-web","user","daily",2016-11-03,20326
"370","wikipedia","en","Facebook","mobile-web","user","daily",2016-11-04,24025
"371","wikipedia","en","Facebook","mobile-web","user","daily",2016-11-05,31403
"372","wikipedia","en","Facebook","mobile-web","user","daily",2016-11-06,20831
"373","wikipedia","en","Facebook","mobile-web","user","daily",2016-11-07,14454
"374","wikipedia","en","Facebook","mobile-web","user","daily",2016-11-08,14981
"375","wikipedia","en","Facebook","mobile-web","user","daily",2016-11-09,14569
"376","wikipedia","en","Facebook","mobile-web","user","daily",2016-11-10,14562
"377","wikipedia","en","Facebook","mobile-web","user","daily",2016-11-11,15943
"378","wikipedia","en","Facebook","mobile-web","user","daily",2016-11-12,16092
"379","wikipedia","en","Facebook","mobile-web","user","daily",2016-11-13,15875
"380","wikipedia","en","Facebook","mobile-web","user","daily",2016-11-14,15124
"381","wikipedia","en","Facebook","mobile-web","user","daily",2016-11-15,14485
"382","wikipedia","en","Facebook","mobile-web","user","daily",2016-11-16,15172
"383","wikipedia","en","Facebook","mobile-web","user","daily",2016-11-17,14782
"384","wikipedia","en","Facebook","mobile-web","user","daily",2016-11-18,13686
"385","wikipedia","en","Facebook","mobile-web","user","daily",2016-11-19,14535
"386","wikipedia","en","Facebook","mobile-web","user","daily",2016-11-20,15480
"387","wikipedia","en","Facebook","mobile-web","user","daily",2016-11-21,14625
"388","wikipedia","en","Facebook","mobile-web","user","daily",2016-11-22,14562
"389","wikipedia","en","Facebook","mobile-web","user","daily",2016-11-23,15731
"390","wikipedia","en","Facebook","mobile-web","user","daily",2016-11-24,14421
"391","wikipedia","en","Facebook","mobile-web","user","daily",2016-11-25,15980
"392","wikipedia","en","Facebook","mobile-web","user","daily",2016-11-26,17375
"393","wikipedia","en","Facebook","mobile-web","user","daily",2016-11-27,16343
"394","wikipedia","en","Facebook","mobile-web","user","daily",2016-11-28,17704
"395","wikipedia","en","Facebook","mobile-web","user","daily",2016-11-29,18442
"396","wikipedia","en","Facebook","mobile-web","user","daily",2016-11-30,50725
"397","wikipedia","en","Facebook","mobile-web","user","daily",2016-12-01,57656
"398","wikipedia","en","Facebook","mobile-web","user","daily",2016-12-02,25245
"399","wikipedia","en","Facebook","mobile-web","user","daily",2016-12-03,40196
"400","wikipedia","en","Facebook","mobile-web","user","daily",2016-12-04,25679
"401","wikipedia","en","Facebook","mobile-web","user","daily",2016-12-05,24912
"402","wikipedia","en","Facebook","mobile-web","user","daily",2016-12-06,34872
"403","wikipedia","en","Facebook","mobile-web","user","daily",2016-12-07,44854
"404","wikipedia","en","Facebook","mobile-web","user","daily",2016-12-08,57719
"405","wikipedia","en","Facebook","mobile-web","user","daily",2016-12-09,36416
"406","wikipedia","en","Facebook","mobile-web","user","daily",2016-12-10,26213
"407","wikipedia","en","Facebook","mobile-web","user","daily",2016-12-11,40341
"408","wikipedia","en","Facebook","mobile-web","user","daily",2016-12-12,54346
"409","wikipedia","en","Facebook","mobile-web","user","daily",2016-12-13,45965
"410","wikipedia","en","Facebook","mobile-web","user","daily",2016-12-14,30151
"411","wikipedia","en","Facebook","mobile-web","user","daily",2016-12-15,18277
"412","wikipedia","en","Facebook","mobile-web","user","daily",2016-12-16,28758
"413","wikipedia","en","Facebook","mobile-web","user","daily",2016-12-17,18259
"414","wikipedia","en","Facebook","mobile-web","user","daily",2016-12-18,18314
"415","wikipedia","en","Facebook","mobile-web","user","daily",2016-12-19,22562
"416","wikipedia","en","Facebook","mobile-web","user","daily",2016-12-20,24069
"417","wikipedia","en","Facebook","mobile-web","user","daily",2016-12-21,21414
"418","wikipedia","en","Facebook","mobile-web","user","daily",2016-12-22,23083
"419","wikipedia","en","Facebook","mobile-web","user","daily",2016-12-23,18604
"420","wikipedia","en","Facebook","mobile-web","user","daily",2016-12-24,17958
"421","wikipedia","en","Facebook","mobile-web","user","daily",2016-12-25,19105
"422","wikipedia","en","Facebook","mobile-web","user","daily",2016-12-26,20832
"423","wikipedia","en","Facebook","mobile-web","user","daily",2016-12-27,21102
"424","wikipedia","en","Facebook","mobile-web","user","daily",2016-12-28,20255
"425","wikipedia","en","Facebook","mobile-web","user","daily",2016-12-29,22025
"426","wikipedia","en","Facebook","mobile-web","user","daily",2016-12-30,23726
"427","wikipedia","en","Facebook","mobile-web","user","daily",2016-12-31,19372
"428","wikipedia","en","Facebook","mobile-web","user","daily",2017-01-01,20513
"429","wikipedia","en","Facebook","mobile-web","user","daily",2017-01-02,20590
"430","wikipedia","en","Facebook","mobile-web","user","daily",2017-01-03,21597
"431","wikipedia","en","Facebook","mobile-web","user","daily",2017-01-04,19516
"432","wikipedia","en","Facebook","mobile-web","user","daily",2017-01-05,21479
"433","wikipedia","en","Facebook","mobile-web","user","daily",2017-01-06,22260
"434","wikipedia","en","Facebook","mobile-web","user","daily",2017-01-07,23449
"435","wikipedia","en","Facebook","mobile-web","user","daily",2017-01-08,22839
"436","wikipedia","en","Facebook","mobile-web","user","daily",2017-01-09,20883
"437","wikipedia","en","Facebook","mobile-web","user","daily",2017-01-10,20205
"438","wikipedia","en","Facebook","mobile-web","user","daily",2017-01-11,19548
"439","wikipedia","en","Facebook","mobile-web","user","daily",2017-01-12,18354
"440","wikipedia","en","Facebook","mobile-web","user","daily",2017-01-13,17422
"441","wikipedia","en","Facebook","mobile-web","user","daily",2017-01-14,21758
"442","wikipedia","en","Facebook","mobile-web","user","daily",2017-01-15,18541
"443","wikipedia","en","Facebook","mobile-web","user","daily",2017-01-16,19956
"444","wikipedia","en","Facebook","mobile-web","user","daily",2017-01-17,25335
"445","wikipedia","en","Facebook","mobile-web","user","daily",2017-01-18,20746
"446","wikipedia","en","Facebook","mobile-web","user","daily",2017-01-19,18365
"447","wikipedia","en","Facebook","mobile-web","user","daily",2017-01-20,19233
"448","wikipedia","en","Facebook","mobile-web","user","daily",2017-01-21,19495
"449","wikipedia","en","Facebook","mobile-web","user","daily",2017-01-22,21009
"450","wikipedia","en","Facebook","mobile-web","user","daily",2017-01-23,23766
"451","wikipedia","en","Facebook","mobile-web","user","daily",2017-01-24,18932
"452","wikipedia","en","Facebook","mobile-web","user","daily",2017-01-25,18714
"453","wikipedia","en","Facebook","mobile-web","user","daily",2017-01-26,17759
"454","wikipedia","en","Facebook","mobile-web","user","daily",2017-01-27,19767
"455","wikipedia","en","Facebook","mobile-web","user","daily",2017-01-28,20088
"456","wikipedia","en","Facebook","mobile-web","user","daily",2017-01-29,22290
"457","wikipedia","en","Facebook","mobile-web","user","daily",2017-01-30,22955
"458","wikipedia","en","Facebook","mobile-web","user","daily",2017-01-31,18417
"459","wikipedia","en","Facebook","mobile-web","user","daily",2017-02-01,20749
"460","wikipedia","en","Facebook","mobile-web","user","daily",2017-02-02,23135
"461","wikipedia","en","Facebook","mobile-web","user","daily",2017-02-03,19191
"462","wikipedia","en","Facebook","mobile-web","user","daily",2017-02-04,30915
"463","wikipedia","en","Facebook","mobile-web","user","daily",2017-02-05,49885
"464","wikipedia","en","Facebook","mobile-web","user","daily",2017-02-06,16999
"465","wikipedia","en","Facebook","mobile-web","user","daily",2017-02-07,16768
"466","wikipedia","en","Facebook","mobile-web","user","daily",2017-02-08,16715
"467","wikipedia","en","Facebook","mobile-web","user","daily",2017-02-09,21543
"468","wikipedia","en","Facebook","mobile-web","user","daily",2017-02-10,19244
"469","wikipedia","en","Facebook","mobile-web","user","daily",2017-02-11,19810
"470","wikipedia","en","Facebook","mobile-web","user","daily",2017-02-12,20248
"471","wikipedia","en","Facebook","mobile-web","user","daily",2017-02-13,19504
"472","wikipedia","en","Facebook","mobile-web","user","daily",2017-02-14,19548
"473","wikipedia","en","Facebook","mobile-web","user","daily",2017-02-15,21976
"474","wikipedia","en","Facebook","mobile-web","user","daily",2017-02-16,24081
"475","wikipedia","en","Facebook","mobile-web","user","daily",2017-02-17,20164
"476","wikipedia","en","Facebook","mobile-web","user","daily",2017-02-18,19523
"477","wikipedia","en","Facebook","mobile-web","user","daily",2017-02-19,18972
"478","wikipedia","en","Facebook","mobile-web","user","daily",2017-02-20,19525
"479","wikipedia","en","Facebook","mobile-web","user","daily",2017-02-21,23433
"480","wikipedia","en","Facebook","mobile-web","user","daily",2017-02-22,20567
"481","wikipedia","en","Facebook","mobile-web","user","daily",2017-02-23,18086
"482","wikipedia","en","Facebook","mobile-web","user","daily",2017-02-24,22393
"483","wikipedia","en","Facebook","mobile-web","user","daily",2017-02-25,22604
"484","wikipedia","en","Facebook","mobile-web","user","daily",2017-02-26,21754
"485","wikipedia","en","Facebook","mobile-web","user","daily",2017-02-27,30879
"486","wikipedia","en","Facebook","mobile-web","user","daily",2017-02-28,23162
"487","wikipedia","en","Facebook","mobile-web","user","daily",2017-03-01,22896
"488","wikipedia","en","Facebook","mobile-web","user","daily",2017-03-02,38858
"489","wikipedia","en","Facebook","mobile-web","user","daily",2017-03-03,20434
"490","wikipedia","en","Facebook","mobile-web","user","daily",2017-03-04,19866
"491","wikipedia","en","Facebook","mobile-web","user","daily",2017-03-05,19916
"492","wikipedia","en","Facebook","mobile-web","user","daily",2017-03-06,23095
"493","wikipedia","en","Facebook","mobile-web","user","daily",2017-03-07,20120
"494","wikipedia","en","Facebook","mobile-web","user","daily",2017-03-08,29185
"495","wikipedia","en","Facebook","mobile-web","user","daily",2017-03-09,17988
"496","wikipedia","en","Facebook","mobile-web","user","daily",2017-03-10,19544
"497","wikipedia","en","Facebook","mobile-web","user","daily",2017-03-11,18841
"498","wikipedia","en","Facebook","mobile-web","user","daily",2017-03-12,20361
"499","wikipedia","en","Facebook","mobile-web","user","daily",2017-03-13,22928
"500","wikipedia","en","Facebook","mobile-web","user","daily",2017-03-14,16500
"501","wikipedia","en","Facebook","mobile-web","user","daily",2017-03-15,17229
"502","wikipedia","en","Facebook","mobile-web","user","daily",2017-03-16,15149
"503","wikipedia","en","Facebook","mobile-web","user","daily",2017-03-17,21255
"504","wikipedia","en","Facebook","mobile-web","user","daily",2017-03-18,16057
"505","wikipedia","en","Facebook","mobile-web","user","daily",2017-03-19,15688
"506","wikipedia","en","Facebook","mobile-web","user","daily",2017-03-20,15318
"507","wikipedia","en","Facebook","mobile-web","user","daily",2017-03-21,16299
"508","wikipedia","en","Facebook","mobile-web","user","daily",2017-03-22,17754
"509","wikipedia","en","Facebook","mobile-web","user","daily",2017-03-23,15640
"510","wikipedia","en","Facebook","mobile-web","user","daily",2017-03-24,14966
"511","wikipedia","en","Facebook","mobile-web","user","daily",2017-03-25,16043
"512","wikipedia","en","Facebook","mobile-web","user","daily",2017-03-26,16079
"513","wikipedia","en","Facebook","mobile-web","user","daily",2017-03-27,15277
"514","wikipedia","en","Facebook","mobile-web","user","daily",2017-03-28,32652
"515","wikipedia","en","Facebook","mobile-web","user","daily",2017-03-29,24975
"516","wikipedia","en","Facebook","mobile-web","user","daily",2017-03-30,18263
"517","wikipedia","en","Facebook","mobile-web","user","daily",2017-03-31,20075
"518","wikipedia","en","Facebook","mobile-web","user","daily",2017-04-01,17308
"519","wikipedia","en","Facebook","mobile-web","user","daily",2017-04-02,17476
"520","wikipedia","en","Facebook","mobile-web","user","daily",2017-04-03,16930
"521","wikipedia","en","Facebook","mobile-web","user","daily",2017-04-04,15630
"522","wikipedia","en","Facebook","mobile-web","user","daily",2017-04-05,31636
"523","wikipedia","en","Facebook","mobile-web","user","daily",2017-04-06,15718
"524","wikipedia","en","Facebook","mobile-web","user","daily",2017-04-07,15090
"525","wikipedia","en","Facebook","mobile-web","user","daily",2017-04-08,19631
"526","wikipedia","en","Facebook","mobile-web","user","daily",2017-04-09,20083
"527","wikipedia","en","Facebook","mobile-web","user","daily",2017-04-10,21328
"528","wikipedia","en","Facebook","mobile-web","user","daily",2017-04-11,15166
"529","wikipedia","en","Facebook","mobile-web","user","daily",2017-04-12,15082
"530","wikipedia","en","Facebook","mobile-web","user","daily",2017-04-13,16681
"531","wikipedia","en","Facebook","mobile-web","user","daily",2017-04-14,17253
"532","wikipedia","en","Facebook","mobile-web","user","daily",2017-04-15,15817
"533","wikipedia","en","Facebook","mobile-web","user","daily",2017-04-16,16441
"534","wikipedia","en","Facebook","mobile-web","user","daily",2017-04-17,16391
"535","wikipedia","en","Facebook","mobile-web","user","daily",2017-04-18,15913
"536","wikipedia","en","Facebook","mobile-web","user","daily",2017-04-19,15547
"537","wikipedia","en","Facebook","mobile-web","user","daily",2017-04-20,14301
"538","wikipedia","en","Facebook","mobile-web","user","daily",2017-04-21,15236
"539","wikipedia","en","Facebook","mobile-web","user","daily",2017-04-22,16186
"540","wikipedia","en","Facebook","mobile-web","user","daily",2017-04-23,18051
"541","wikipedia","en","Facebook","mobile-web","user","daily",2017-04-24,15733
"542","wikipedia","en","Facebook","mobile-web","user","daily",2017-04-25,15955
"543","wikipedia","en","Facebook","mobile-web","user","daily",2017-04-26,15555
"544","wikipedia","en","Facebook","mobile-web","user","daily",2017-04-27,14893
"545","wikipedia","en","Facebook","mobile-web","user","daily",2017-04-28,14804
"546","wikipedia","en","Facebook","mobile-web","user","daily",2017-04-29,15817
"547","wikipedia","en","Facebook","mobile-web","user","daily",2017-04-30,17334
"548","wikipedia","en","Facebook","mobile-web","user","daily",2017-05-01,16333
"549","wikipedia","en","Facebook","mobile-web","user","daily",2017-05-02,15882
"550","wikipedia","en","Facebook","mobile-web","user","daily",2017-05-03,17357
"551","wikipedia","en","Facebook","mobile-web","user","daily",2017-05-04,16456
"552","wikipedia","en","Facebook","mobile-web","user","daily",2017-05-05,17240
"553","wikipedia","en","Facebook","mobile-web","user","daily",2017-05-06,18706
"554","wikipedia","en","Facebook","mobile-web","user","daily",2017-05-07,21615
"555","wikipedia","en","Facebook","mobile-web","user","daily",2017-05-08,19573
"556","wikipedia","en","Facebook","mobile-web","user","daily",2017-05-09,17355
"557","wikipedia","en","Facebook","mobile-web","user","daily",2017-05-10,15800
"558","wikipedia","en","Facebook","mobile-web","user","daily",2017-05-11,15959
"559","wikipedia","en","Facebook","mobile-web","user","daily",2017-05-12,16559
"560","wikipedia","en","Facebook","mobile-web","user","daily",2017-05-13,19260
"561","wikipedia","en","Facebook","mobile-web","user","daily",2017-05-14,17047
"562","wikipedia","en","Facebook","mobile-web","user","daily",2017-05-15,16143
"563","wikipedia","en","Facebook","mobile-web","user","daily",2017-05-16,15274
"564","wikipedia","en","Facebook","mobile-web","user","daily",2017-05-17,16014
"565","wikipedia","en","Facebook","mobile-web","user","daily",2017-05-18,15630
"566","wikipedia","en","Facebook","mobile-web","user","daily",2017-05-19,15826
"567","wikipedia","en","Facebook","mobile-web","user","daily",2017-05-20,16684
"568","wikipedia","en","Facebook","mobile-web","user","daily",2017-05-21,16703
"569","wikipedia","en","Facebook","mobile-web","user","daily",2017-05-22,15803
"570","wikipedia","en","Facebook","mobile-web","user","daily",2017-05-23,15869
"571","wikipedia","en","Facebook","mobile-web","user","daily",2017-05-24,16241
"572","wikipedia","en","Facebook","mobile-web","user","daily",2017-05-25,16951
"573","wikipedia","en","Facebook","mobile-web","user","daily",2017-05-26,17380
"574","wikipedia","en","Facebook","mobile-web","user","daily",2017-05-27,17679
"575","wikipedia","en","Facebook","mobile-web","user","daily",2017-05-28,17669
"576","wikipedia","en","Facebook","mobile-web","user","daily",2017-05-29,17879
"577","wikipedia","en","Facebook","mobile-web","user","daily",2017-05-30,15359
"578","wikipedia","en","Facebook","mobile-web","user","daily",2017-05-31,14771
"579","wikipedia","en","Facebook","mobile-web","user","daily",2017-06-01,14423
"580","wikipedia","en","Facebook","mobile-web","user","daily",2017-06-02,14778
"581","wikipedia","en","Facebook","mobile-web","user","daily",2017-06-03,14304
"582","wikipedia","en","Facebook","mobile-web","user","daily",2017-06-04,14366
"583","wikipedia","en","Facebook","mobile-web","user","daily",2017-06-05,13665
"584","wikipedia","en","Facebook","mobile-web","user","daily",2017-06-06,14859
"585","wikipedia","en","Facebook","mobile-web","user","daily",2017-06-07,13439
"586","wikipedia","en","Facebook","mobile-web","user","daily",2017-06-08,12746
"587","wikipedia","en","Facebook","mobile-web","user","daily",2017-06-09,13251
"588","wikipedia","en","Facebook","mobile-web","user","daily",2017-06-10,13530
"589","wikipedia","en","Facebook","mobile-web","user","daily",2017-06-11,14050
"590","wikipedia","en","Facebook","mobile-web","user","daily",2017-06-12,13518
"591","wikipedia","en","Facebook","mobile-web","user","daily",2017-06-13,13045
"592","wikipedia","en","Facebook","mobile-web","user","daily",2017-06-14,13540
"593","wikipedia","en","Facebook","mobile-web","user","daily",2017-06-15,13998
"594","wikipedia","en","Facebook","mobile-web","user","daily",2017-06-16,13977
"595","wikipedia","en","Facebook","mobile-web","user","daily",2017-06-17,13756
"596","wikipedia","en","Facebook","mobile-web","user","daily",2017-06-18,14107
"597","wikipedia","en","Facebook","mobile-web","user","daily",2017-06-19,13319
"598","wikipedia","en","Facebook","mobile-web","user","daily",2017-06-20,13926
"599","wikipedia","en","Facebook","mobile-web","user","daily",2017-06-21,14040
"600","wikipedia","en","Facebook","mobile-web","user","daily",2017-06-22,15327
"601","wikipedia","en","Facebook","mobile-web","user","daily",2017-06-23,13156
"602","wikipedia","en","Facebook","mobile-web","user","daily",2017-06-24,13984
"603","wikipedia","en","Facebook","mobile-web","user","daily",2017-06-25,15544
"604","wikipedia","en","Facebook","mobile-web","user","daily",2017-06-26,14586
"605","wikipedia","en","Facebook","mobile-web","user","daily",2017-06-27,14660
"606","wikipedia","en","Facebook","mobile-web","user","daily",2017-06-28,15475
"607","wikipedia","en","Facebook","mobile-web","user","daily",2017-06-29,15220
"608","wikipedia","en","Facebook","mobile-web","user","daily",2017-06-30,14327
"609","wikipedia","en","Facebook","mobile-web","user","daily",2017-07-01,14238
"610","wikipedia","en","Facebook","mobile-web","user","daily",2017-07-02,14552
"611","wikipedia","en","Facebook","mobile-web","user","daily",2017-07-03,14120
"612","wikipedia","en","Facebook","mobile-web","user","daily",2017-07-04,14319
"613","wikipedia","en","Facebook","mobile-web","user","daily",2017-07-05,13438
"614","wikipedia","en","Facebook","mobile-web","user","daily",2017-07-06,13911
"615","wikipedia","en","Facebook","mobile-web","user","daily",2017-07-07,13128
"616","wikipedia","en","Facebook","mobile-web","user","daily",2017-07-08,13800
"617","wikipedia","en","Facebook","mobile-web","user","daily",2017-07-09,13644
"618","wikipedia","en","Facebook","mobile-web","user","daily",2017-07-10,14067
"619","wikipedia","en","Facebook","mobile-web","user","daily",2017-07-11,13847
"620","wikipedia","en","Facebook","mobile-web","user","daily",2017-07-12,13881
"621","wikipedia","en","Facebook","mobile-web","user","daily",2017-07-13,14087
"622","wikipedia","en","Facebook","mobile-web","user","daily",2017-07-14,13737
"623","wikipedia","en","Facebook","mobile-web","user","daily",2017-07-15,14694
"624","wikipedia","en","Facebook","mobile-web","user","daily",2017-07-16,15576
"625","wikipedia","en","Facebook","mobile-web","user","daily",2017-07-17,14067
"626","wikipedia","en","Facebook","mobile-web","user","daily",2017-07-18,16125
"627","wikipedia","en","Facebook","mobile-web","user","daily",2017-07-19,14627
"628","wikipedia","en","Facebook","mobile-web","user","daily",2017-07-20,14406
"629","wikipedia","en","Facebook","mobile-web","user","daily",2017-07-21,14194
"630","wikipedia","en","Facebook","mobile-web","user","daily",2017-07-22,14933
"631","wikipedia","en","Facebook","mobile-web","user","daily",2017-07-23,15852
"632","wikipedia","en","Facebook","mobile-web","user","daily",2017-07-24,15580
"633","wikipedia","en","Facebook","mobile-web","user","daily",2017-07-25,15617
"634","wikipedia","en","Facebook","mobile-web","user","daily",2017-07-26,16041
"635","wikipedia","en","Facebook","mobile-web","user","daily",2017-07-27,15749
"636","wikipedia","en","Facebook","mobile-web","user","daily",2017-07-28,15390
"637","wikipedia","en","Facebook","mobile-web","user","daily",2017-07-29,14832
"638","wikipedia","en","Facebook","mobile-web","user","daily",2017-07-30,15477
"639","wikipedia","en","Facebook","mobile-web","user","daily",2017-07-31,14848
"640","wikipedia","en","Facebook","mobile-web","user","daily",2017-08-01,15652
"641","wikipedia","en","Facebook","mobile-web","user","daily",2017-08-02,16526
"642","wikipedia","en","Facebook","mobile-web","user","daily",2017-08-03,15387
"643","wikipedia","en","Facebook","mobile-web","user","daily",2017-08-04,14309
"644","wikipedia","en","Facebook","mobile-web","user","daily",2017-08-05,15405
"645","wikipedia","en","Facebook","mobile-web","user","daily",2017-08-06,15343
"646","wikipedia","en","Facebook","mobile-web","user","daily",2017-08-07,14818
"647","wikipedia","en","Facebook","mobile-web","user","daily",2017-08-08,14192
"648","wikipedia","en","Facebook","mobile-web","user","daily",2017-08-09,13834
"649","wikipedia","en","Facebook","mobile-web","user","daily",2017-08-10,14517
"650","wikipedia","en","Facebook","mobile-web","user","daily",2017-08-11,14820
"651","wikipedia","en","Facebook","mobile-web","user","daily",2017-08-12,13371
"652","wikipedia","en","Facebook","mobile-web","user","daily",2017-08-13,14309
"653","wikipedia","en","Facebook","mobile-web","user","daily",2017-08-14,14508
"654","wikipedia","en","Facebook","mobile-web","user","daily",2017-08-15,15390
"655","wikipedia","en","Facebook","mobile-web","user","daily",2017-08-16,14239
"656","wikipedia","en","Facebook","mobile-web","user","daily",2017-08-17,13954
"657","wikipedia","en","Facebook","mobile-web","user","daily",2017-08-18,14128
"658","wikipedia","en","Facebook","mobile-web","user","daily",2017-08-19,13996
"659","wikipedia","en","Facebook","mobile-web","user","daily",2017-08-20,21088
"660","wikipedia","en","Facebook","mobile-web","user","daily",2017-08-21,14169
"661","wikipedia","en","Facebook","mobile-web","user","daily",2017-08-22,14034
"662","wikipedia","en","Facebook","mobile-web","user","daily",2017-08-23,13840
"663","wikipedia","en","Facebook","mobile-web","user","daily",2017-08-24,13265
"664","wikipedia","en","Facebook","mobile-web","user","daily",2017-08-25,13375
"665","wikipedia","en","Facebook","mobile-web","user","daily",2017-08-26,16122
"666","wikipedia","en","Facebook","mobile-web","user","daily",2017-08-27,13565
"667","wikipedia","en","Facebook","mobile-web","user","daily",2017-08-28,13423
"668","wikipedia","en","Facebook","mobile-web","user","daily",2017-08-29,15664
"669","wikipedia","en","Facebook","mobile-web","user","daily",2017-08-30,14743
"670","wikipedia","en","Facebook","mobile-web","user","daily",2017-08-31,13296
"671","wikipedia","en","Facebook","mobile-web","user","daily",2017-09-01,14620
"672","wikipedia","en","Facebook","mobile-web","user","daily",2017-09-02,16173
"673","wikipedia","en","Facebook","mobile-web","user","daily",2017-09-03,14355
"674","wikipedia","en","Facebook","mobile-web","user","daily",2017-09-04,13713
"675","wikipedia","en","Facebook","mobile-web","user","daily",2017-09-05,13211
"676","wikipedia","en","Facebook","mobile-web","user","daily",2017-09-06,12430
"677","wikipedia","en","Facebook","mobile-web","user","daily",2017-09-07,13001
"678","wikipedia","en","Facebook","mobile-web","user","daily",2017-09-08,13447
"679","wikipedia","en","Facebook","mobile-web","user","daily",2017-09-09,13406
"680","wikipedia","en","Facebook","mobile-web","user","daily",2017-09-10,14156
"681","wikipedia","en","Facebook","mobile-web","user","daily",2017-09-11,13452
"682","wikipedia","en","Facebook","mobile-web","user","daily",2017-09-12,13438
"683","wikipedia","en","Facebook","mobile-web","user","daily",2017-09-13,12778
"684","wikipedia","en","Facebook","mobile-web","user","daily",2017-09-14,13300
"685","wikipedia","en","Facebook","mobile-web","user","daily",2017-09-15,14080
"686","wikipedia","en","Facebook","mobile-web","user","daily",2017-09-16,13794
"687","wikipedia","en","Facebook","mobile-web","user","daily",2017-09-17,13394
"688","wikipedia","en","Facebook","mobile-web","user","daily",2017-09-18,12978
"689","wikipedia","en","Facebook","mobile-web","user","daily",2017-09-19,12957
"690","wikipedia","en","Facebook","mobile-web","user","daily",2017-09-20,12640
"691","wikipedia","en","Facebook","mobile-web","user","daily",2017-09-21,13104
"692","wikipedia","en","Facebook","mobile-web","user","daily",2017-09-22,13564
"693","wikipedia","en","Facebook","mobile-web","user","daily",2017-09-23,12610
"694","wikipedia","en","Facebook","mobile-web","user","daily",2017-09-24,14831
"695","wikipedia","en","Facebook","mobile-web","user","daily",2017-09-25,15466
"696","wikipedia","en","Facebook","mobile-web","user","daily",2017-09-26,13978
"697","wikipedia","en","Facebook","mobile-web","user","daily",2017-09-27,12327
"698","wikipedia","en","Facebook","mobile-web","user","daily",2017-09-28,11355
"699","wikipedia","en","Facebook","mobile-web","user","daily",2017-09-29,11292
"700","wikipedia","en","Facebook","mobile-web","user","daily",2017-09-30,11369
"701","wikipedia","en","Facebook","mobile-web","user","daily",2017-10-01,11882
"702","wikipedia","en","Facebook","mobile-web","user","daily",2017-10-02,11591
"703","wikipedia","en","Facebook","mobile-web","user","daily",2017-10-03,12197
"704","wikipedia","en","Facebook","mobile-web","user","daily",2017-10-04,11886
"705","wikipedia","en","Facebook","mobile-web","user","daily",2017-10-05,11990
"706","wikipedia","en","Facebook","mobile-web","user","daily",2017-10-06,12281
"707","wikipedia","en","Facebook","mobile-web","user","daily",2017-10-07,12307
"708","wikipedia","en","Facebook","mobile-web","user","daily",2017-10-08,12945
"709","wikipedia","en","Facebook","mobile-web","user","daily",2017-10-09,12159
"710","wikipedia","en","Facebook","mobile-web","user","daily",2017-10-10,11594
"711","wikipedia","en","Facebook","mobile-web","user","daily",2017-10-11,13272
"712","wikipedia","en","Facebook","mobile-web","user","daily",2017-10-12,13077
"713","wikipedia","en","Facebook","mobile-web","user","daily",2017-10-13,11412
"714","wikipedia","en","Facebook","mobile-web","user","daily",2017-10-14,11337
"715","wikipedia","en","Facebook","mobile-web","user","daily",2017-10-15,12306
"716","wikipedia","en","Facebook","mobile-web","user","daily",2017-10-16,11087
"717","wikipedia","en","Facebook","mobile-web","user","daily",2017-10-17,11772
"718","wikipedia","en","Facebook","mobile-web","user","daily",2017-10-18,10808
"719","wikipedia","en","Facebook","mobile-web","user","daily",2017-10-19,12718
"720","wikipedia","en","Facebook","mobile-web","user","daily",2017-10-20,11674
"721","wikipedia","en","Facebook","mobile-web","user","daily",2017-10-21,11712
"722","wikipedia","en","Facebook","mobile-web","user","daily",2017-10-22,11415
"723","wikipedia","en","Facebook","mobile-web","user","daily",2017-10-23,11398
"724","wikipedia","en","Facebook","mobile-web","user","daily",2017-10-24,11668
"725","wikipedia","en","Facebook","mobile-web","user","daily",2017-10-25,12253
"726","wikipedia","en","Facebook","mobile-web","user","daily",2017-10-26,11976
"727","wikipedia","en","Facebook","mobile-web","user","daily",2017-10-27,11355
"728","wikipedia","en","Facebook","mobile-web","user","daily",2017-10-28,11280
"729","wikipedia","en","Facebook","mobile-web","user","daily",2017-10-29,11632
"730","wikipedia","en","Facebook","mobile-web","user","daily",2017-10-30,11274
"731","wikipedia","en","Facebook","mobile-web","user","daily",2017-10-31,10922
"732","wikipedia","en","Facebook","mobile-web","user","daily",2017-11-01,12048
"733","wikipedia","en","Facebook","mobile-web","user","daily",2017-11-02,11713
"734","wikipedia","en","Facebook","mobile-web","user","daily",2017-11-03,12097
"735","wikipedia","en","Facebook","mobile-web","user","daily",2017-11-04,12485
"736","wikipedia","en","Facebook","mobile-web","user","daily",2017-11-05,12539
"737","wikipedia","en","Facebook","mobile-web","user","daily",2017-11-06,11883
"738","wikipedia","en","Facebook","mobile-web","user","daily",2017-11-07,11221
"739","wikipedia","en","Facebook","mobile-web","user","daily",2017-11-08,12597
"740","wikipedia","en","Facebook","mobile-web","user","daily",2017-11-09,12155
"741","wikipedia","en","Facebook","mobile-web","user","daily",2017-11-10,11842
"742","wikipedia","en","Facebook","mobile-web","user","daily",2017-11-11,11413
"743","wikipedia","en","Facebook","mobile-web","user","daily",2017-11-12,12091
"744","wikipedia","en","Facebook","mobile-web","user","daily",2017-11-13,11108
"745","wikipedia","en","Facebook","mobile-web","user","daily",2017-11-14,11374
"746","wikipedia","en","Facebook","mobile-web","user","daily",2017-11-15,10679
"747","wikipedia","en","Facebook","mobile-web","user","daily",2017-11-16,10905
"748","wikipedia","en","Facebook","mobile-web","user","daily",2017-11-17,10741
"749","wikipedia","en","Facebook","mobile-web","user","daily",2017-11-18,11215
"750","wikipedia","en","Facebook","mobile-web","user","daily",2017-11-19,11489
"751","wikipedia","en","Facebook","mobile-web","user","daily",2017-11-20,11822
"752","wikipedia","en","Facebook","mobile-web","user","daily",2017-11-21,11377
"753","wikipedia","en","Facebook","mobile-web","user","daily",2017-11-22,12749
"754","wikipedia","en","Facebook","mobile-web","user","daily",2017-11-23,11025
"755","wikipedia","en","Facebook","mobile-web","user","daily",2017-11-24,10109
"756","wikipedia","en","Facebook","mobile-web","user","daily",2017-11-25,11610
"757","wikipedia","en","Facebook","mobile-web","user","daily",2017-11-26,12303
"758","wikipedia","en","Facebook","mobile-web","user","daily",2017-11-27,10839
"759","wikipedia","en","Facebook","mobile-web","user","daily",2017-11-28,11676
"760","wikipedia","en","Facebook","mobile-web","user","daily",2017-11-29,10380
"761","wikipedia","en","Facebook","mobile-web","user","daily",2017-11-30,10227
"762","wikipedia","en","Facebook","mobile-web","user","daily",2017-12-01,11498
"763","wikipedia","en","Facebook","mobile-web","user","daily",2017-12-02,10852
"764","wikipedia","en","Facebook","mobile-web","user","daily",2017-12-03,13740
"765","wikipedia","en","Facebook","mobile-web","user","daily",2017-12-04,12216
"766","wikipedia","en","Facebook","mobile-web","user","daily",2017-12-05,11610
"767","wikipedia","en","Facebook","mobile-web","user","daily",2017-12-06,10711
"768","wikipedia","en","Facebook","mobile-web","user","daily",2017-12-07,10468
"769","wikipedia","en","Facebook","mobile-web","user","daily",2017-12-08,11173
"770","wikipedia","en","Facebook","mobile-web","user","daily",2017-12-09,12077
"771","wikipedia","en","Facebook","mobile-web","user","daily",2017-12-10,11403
"772","wikipedia","en","Facebook","mobile-web","user","daily",2017-12-11,12436
"773","wikipedia","en","Facebook","mobile-web","user","daily",2017-12-12,11007
"774","wikipedia","en","Facebook","mobile-web","user","daily",2017-12-13,11000
"775","wikipedia","en","Facebook","mobile-web","user","daily",2017-12-14,11156
"776","wikipedia","en","Facebook","mobile-web","user","daily",2017-12-15,11563
"777","wikipedia","en","Facebook","mobile-web","user","daily",2017-12-16,13295
"778","wikipedia","en","Facebook","mobile-web","user","daily",2017-12-17,11230
"779","wikipedia","en","Facebook","mobile-web","user","daily",2017-12-18,11314
"780","wikipedia","en","Facebook","mobile-web","user","daily",2017-12-19,10830
"781","wikipedia","en","Facebook","mobile-web","user","daily",2017-12-20,10242
"782","wikipedia","en","Facebook","mobile-web","user","daily",2017-12-21,14379
"783","wikipedia","en","Facebook","mobile-web","user","daily",2017-12-22,20631
"784","wikipedia","en","Facebook","mobile-web","user","daily",2017-12-23,54427
"785","wikipedia","en","Facebook","mobile-web","user","daily",2017-12-24,20041
"786","wikipedia","en","Facebook","mobile-web","user","daily",2017-12-25,14717
"787","wikipedia","en","Facebook","mobile-web","user","daily",2017-12-26,14438
"788","wikipedia","en","Facebook","mobile-web","user","daily",2017-12-27,13823
"789","wikipedia","en","Facebook","mobile-web","user","daily",2017-12-28,12436
"790","wikipedia","en","Facebook","mobile-web","user","daily",2017-12-29,11927
"791","wikipedia","en","Facebook","mobile-web","user","daily",2017-12-30,12434
"792","wikipedia","en","Facebook","mobile-web","user","daily",2017-12-31,14353
"793","wikipedia","en","Facebook","mobile-web","user","daily",2018-01-01,14779
"794","wikipedia","en","Facebook","mobile-web","user","daily",2018-01-02,13945
"795","wikipedia","en","Facebook","mobile-web","user","daily",2018-01-03,12830
"796","wikipedia","en","Facebook","mobile-web","user","daily",2018-01-04,12804
"797","wikipedia","en","Facebook","mobile-web","user","daily",2018-01-05,20159
"798","wikipedia","en","Facebook","mobile-web","user","daily",2018-01-06,14626
"799","wikipedia","en","Facebook","mobile-web","user","daily",2018-01-07,12561
"800","wikipedia","en","Facebook","mobile-web","user","daily",2018-01-08,12422
"801","wikipedia","en","Facebook","mobile-web","user","daily",2018-01-09,12703
"802","wikipedia","en","Facebook","mobile-web","user","daily",2018-01-10,11993
"803","wikipedia","en","Facebook","mobile-web","user","daily",2018-01-11,16762
"804","wikipedia","en","Facebook","mobile-web","user","daily",2018-01-12,24695
"805","wikipedia","en","Facebook","mobile-web","user","daily",2018-01-13,48875
"806","wikipedia","en","Facebook","mobile-web","user","daily",2018-01-14,48271
"807","wikipedia","en","Facebook","mobile-web","user","daily",2018-01-15,73827
"808","wikipedia","en","Facebook","mobile-web","user","daily",2018-01-16,40836
"809","wikipedia","en","Facebook","mobile-web","user","daily",2018-01-17,19638
"810","wikipedia","en","Facebook","mobile-web","user","daily",2018-01-18,182024
"811","wikipedia","en","Facebook","mobile-web","user","daily",2018-01-19,24032
"812","wikipedia","en","Facebook","mobile-web","user","daily",2018-01-20,19189
"813","wikipedia","en","Facebook","mobile-web","user","daily",2018-01-21,23130
"814","wikipedia","en","Facebook","mobile-web","user","daily",2018-01-22,20571
"815","wikipedia","en","Facebook","mobile-web","user","daily",2018-01-23,62422
"816","wikipedia","en","Facebook","mobile-web","user","daily",2018-01-24,72179
"817","wikipedia","en","Facebook","mobile-web","user","daily",2018-01-25,20648
"818","wikipedia","en","Facebook","mobile-web","user","daily",2018-01-26,22959
"819","wikipedia","en","Facebook","mobile-web","user","daily",2018-01-27,17317
"820","wikipedia","en","Facebook","mobile-web","user","daily",2018-01-28,18160
"821","wikipedia","en","Facebook","mobile-web","user","daily",2018-01-29,17359
"822","wikipedia","en","Facebook","mobile-web","user","daily",2018-01-30,16711
"823","wikipedia","en","Facebook","mobile-web","user","daily",2018-01-31,15817
"824","wikipedia","en","Facebook","mobile-web","user","daily",2018-02-01,17944
"825","wikipedia","en","Facebook","mobile-web","user","daily",2018-02-02,16786
"826","wikipedia","en","Facebook","mobile-web","user","daily",2018-02-03,16717
"827","wikipedia","en","Facebook","mobile-web","user","daily",2018-02-04,23158
"828","wikipedia","en","Facebook","mobile-web","user","daily",2018-02-05,20842
"829","wikipedia","en","Facebook","mobile-web","user","daily",2018-02-06,18519
"830","wikipedia","en","Facebook","mobile-web","user","daily",2018-02-07,16488
"831","wikipedia","en","Facebook","mobile-web","user","daily",2018-02-08,16831
"832","wikipedia","en","Facebook","mobile-web","user","daily",2018-02-09,16951
"833","wikipedia","en","Facebook","mobile-web","user","daily",2018-02-10,15845
"834","wikipedia","en","Facebook","mobile-web","user","daily",2018-02-11,15816
"835","wikipedia","en","Facebook","mobile-web","user","daily",2018-02-12,16277
"836","wikipedia","en","Facebook","mobile-web","user","daily",2018-02-13,18956
"837","wikipedia","en","Facebook","mobile-web","user","daily",2018-02-14,20083
"838","wikipedia","en","Facebook","mobile-web","user","daily",2018-02-15,18378
"839","wikipedia","en","Facebook","mobile-web","user","daily",2018-02-16,18196
"840","wikipedia","en","Facebook","mobile-web","user","daily",2018-02-17,18965
"841","wikipedia","en","Facebook","mobile-web","user","daily",2018-02-18,18579
"842","wikipedia","en","Facebook","mobile-web","user","daily",2018-02-19,17843
"843","wikipedia","en","Facebook","mobile-web","user","daily",2018-02-20,17195
"844","wikipedia","en","Facebook","mobile-web","user","daily",2018-02-21,15423
"845","wikipedia","en","Facebook","mobile-web","user","daily",2018-02-22,17678
"846","wikipedia","en","Facebook","mobile-web","user","daily",2018-02-23,16917
"847","wikipedia","en","Facebook","mobile-web","user","daily",2018-02-24,18573
"848","wikipedia","en","Facebook","mobile-web","user","daily",2018-02-25,18166
"849","wikipedia","en","Facebook","mobile-web","user","daily",2018-02-26,17222
"850","wikipedia","en","Facebook","mobile-web","user","daily",2018-02-27,17531
"851","wikipedia","en","Facebook","mobile-web","user","daily",2018-02-28,16551
"852","wikipedia","en","Facebook","mobile-web","user","daily",2018-03-01,16693
"853","wikipedia","en","Facebook","mobile-web","user","daily",2018-03-02,16733
"854","wikipedia","en","Facebook","mobile-web","user","daily",2018-03-03,16309
"855","wikipedia","en","Facebook","mobile-web","user","daily",2018-03-04,17819
"856","wikipedia","en","Facebook","mobile-web","user","daily",2018-03-05,16537
"857","wikipedia","en","Facebook","mobile-web","user","daily",2018-03-06,17291
"858","wikipedia","en","Facebook","mobile-web","user","daily",2018-03-07,19311
"859","wikipedia","en","Facebook","mobile-web","user","daily",2018-03-08,18244
"860","wikipedia","en","Facebook","mobile-web","user","daily",2018-03-09,17231
"861","wikipedia","en","Facebook","mobile-web","user","daily",2018-03-10,17562
"862","wikipedia","en","Facebook","mobile-web","user","daily",2018-03-11,18435
"863","wikipedia","en","Facebook","mobile-web","user","daily",2018-03-12,16636
"864","wikipedia","en","Facebook","mobile-web","user","daily",2018-03-13,16301
"865","wikipedia","en","Facebook","mobile-web","user","daily",2018-03-14,17089
"866","wikipedia","en","Facebook","mobile-web","user","daily",2018-03-15,16124
"867","wikipedia","en","Facebook","mobile-web","user","daily",2018-03-16,15909
"868","wikipedia","en","Facebook","mobile-web","user","daily",2018-03-17,17066
"869","wikipedia","en","Facebook","mobile-web","user","daily",2018-03-18,18826
"870","wikipedia","en","Facebook","mobile-web","user","daily",2018-03-19,20219
"871","wikipedia","en","Facebook","mobile-web","user","daily",2018-03-20,20865
"872","wikipedia","en","Facebook","mobile-web","user","daily",2018-03-21,23893
"873","wikipedia","en","Facebook","mobile-web","user","daily",2018-03-22,28568
"874","wikipedia","en","Facebook","mobile-web","user","daily",2018-03-23,19989
"875","wikipedia","en","Facebook","mobile-web","user","daily",2018-03-24,22990
"876","wikipedia","en","Facebook","mobile-web","user","daily",2018-03-25,21420
"877","wikipedia","en","Facebook","mobile-web","user","daily",2018-03-26,21181
"878","wikipedia","en","Facebook","mobile-web","user","daily",2018-03-27,20947
"879","wikipedia","en","Facebook","mobile-web","user","daily",2018-03-28,20874
"880","wikipedia","en","Facebook","mobile-web","user","daily",2018-03-29,18329
"881","wikipedia","en","Facebook","mobile-web","user","daily",2018-03-30,18481
"882","wikipedia","en","Facebook","mobile-web","user","daily",2018-03-31,17735
"883","wikipedia","en","Facebook","mobile-web","user","daily",2018-04-01,17860
"884","wikipedia","en","Facebook","mobile-web","user","daily",2018-04-02,17248
"885","wikipedia","en","Facebook","mobile-web","user","daily",2018-04-03,17546
"886","wikipedia","en","Facebook","mobile-web","user","daily",2018-04-04,16811
"887","wikipedia","en","Facebook","mobile-web","user","daily",2018-04-05,17731
"888","wikipedia","en","Facebook","mobile-web","user","daily",2018-04-06,18120
"889","wikipedia","en","Facebook","mobile-web","user","daily",2018-04-07,17379
"890","wikipedia","en","Facebook","mobile-web","user","daily",2018-04-08,16252
"891","wikipedia","en","Facebook","mobile-web","user","daily",2018-04-09,16527
"892","wikipedia","en","Facebook","mobile-web","user","daily",2018-04-10,25376
"893","wikipedia","en","Facebook","mobile-web","user","daily",2018-04-11,34437
"894","wikipedia","en","Facebook","mobile-web","user","daily",2018-04-12,30238
"895","wikipedia","en","Facebook","mobile-web","user","daily",2018-04-13,28111
"896","wikipedia","en","Facebook","mobile-web","user","daily",2018-04-14,21865
"897","wikipedia","en","Facebook","mobile-web","user","daily",2018-04-15,19512
"898","wikipedia","en","Facebook","mobile-web","user","daily",2018-04-16,16866
"899","wikipedia","en","Facebook","mobile-web","user","daily",2018-04-17,16280
"900","wikipedia","en","Facebook","mobile-web","user","daily",2018-04-18,15197
"901","wikipedia","en","Facebook","mobile-web","user","daily",2018-04-19,14845
"902","wikipedia","en","Facebook","mobile-web","user","daily",2018-04-20,15283
"903","wikipedia","en","Facebook","mobile-web","user","daily",2018-04-21,15558
"904","wikipedia","en","Facebook","mobile-web","user","daily",2018-04-22,16112
"905","wikipedia","en","Facebook","mobile-web","user","daily",2018-04-23,15265
"906","wikipedia","en","Facebook","mobile-web","user","daily",2018-04-24,14601
"907","wikipedia","en","Facebook","mobile-web","user","daily",2018-04-25,18511
"908","wikipedia","en","Facebook","mobile-web","user","daily",2018-04-26,17075
"909","wikipedia","en","Facebook","mobile-web","user","daily",2018-04-27,14003
"910","wikipedia","en","Facebook","mobile-web","user","daily",2018-04-28,17605
"911","wikipedia","en","Facebook","mobile-web","user","daily",2018-04-29,20252
"912","wikipedia","en","Facebook","mobile-web","user","daily",2018-04-30,19280
"913","wikipedia","en","Facebook","mobile-web","user","daily",2018-05-01,17367
"914","wikipedia","en","Facebook","mobile-web","user","daily",2018-05-02,15452
"915","wikipedia","en","Facebook","mobile-web","user","daily",2018-05-03,15635
"916","wikipedia","en","Facebook","mobile-web","user","daily",2018-05-04,13149
"917","wikipedia","en","Facebook","mobile-web","user","daily",2018-05-05,15214
"918","wikipedia","en","Facebook","mobile-web","user","daily",2018-05-06,14612
"919","wikipedia","en","Facebook","mobile-web","user","daily",2018-05-07,13746
"920","wikipedia","en","Facebook","mobile-web","user","daily",2018-05-08,13613
"921","wikipedia","en","Facebook","mobile-web","user","daily",2018-05-09,15854
"922","wikipedia","en","Facebook","mobile-web","user","daily",2018-05-10,16294
"923","wikipedia","en","Facebook","mobile-web","user","daily",2018-05-11,18537
"924","wikipedia","en","Facebook","mobile-web","user","daily",2018-05-12,14498
"925","wikipedia","en","Facebook","mobile-web","user","daily",2018-05-13,14513
"926","wikipedia","en","Facebook","mobile-web","user","daily",2018-05-14,15520
"927","wikipedia","en","Facebook","mobile-web","user","daily",2018-05-15,14869
"928","wikipedia","en","Facebook","mobile-web","user","daily",2018-05-16,14048
"929","wikipedia","en","Facebook","mobile-web","user","daily",2018-05-17,13954
"930","wikipedia","en","Facebook","mobile-web","user","daily",2018-05-18,11658
"931","wikipedia","en","Facebook","mobile-web","user","daily",2018-05-19,15841
"932","wikipedia","en","Facebook","mobile-web","user","daily",2018-05-20,15006
"933","wikipedia","en","Facebook","mobile-web","user","daily",2018-05-21,12941
"934","wikipedia","en","Facebook","mobile-web","user","daily",2018-05-22,11883
"935","wikipedia","en","Facebook","mobile-web","user","daily",2018-05-23,11829
"936","wikipedia","en","Facebook","mobile-web","user","daily",2018-05-24,15349
"937","wikipedia","en","Facebook","mobile-web","user","daily",2018-05-25,16400
"938","wikipedia","en","Facebook","mobile-web","user","daily",2018-05-26,15227
"939","wikipedia","en","Facebook","mobile-web","user","daily",2018-05-27,15990
"940","wikipedia","en","Facebook","mobile-web","user","daily",2018-05-28,19022
"941","wikipedia","en","Facebook","mobile-web","user","daily",2018-05-29,15692
"942","wikipedia","en","Facebook","mobile-web","user","daily",2018-05-30,14440
"943","wikipedia","en","Facebook","mobile-web","user","daily",2018-05-31,14456
"944","wikipedia","en","Facebook","mobile-web","user","daily",2018-06-01,14295
"945","wikipedia","en","Facebook","mobile-web","user","daily",2018-06-02,14143
"946","wikipedia","en","Facebook","mobile-web","user","daily",2018-06-03,14785
"947","wikipedia","en","Facebook","mobile-web","user","daily",2018-06-04,13941
"948","wikipedia","en","Facebook","mobile-web","user","daily",2018-06-05,14137
"949","wikipedia","en","Facebook","mobile-web","user","daily",2018-06-06,14769
"950","wikipedia","en","Facebook","mobile-web","user","daily",2018-06-07,14618
"951","wikipedia","en","Facebook","mobile-web","user","daily",2018-06-08,10046
"952","wikipedia","en","Facebook","mobile-web","user","daily",2018-06-09,12807
"953","wikipedia","en","Facebook","mobile-web","user","daily",2018-06-10,11905
"954","wikipedia","en","Facebook","mobile-web","user","daily",2018-06-11,13006
"955","wikipedia","en","Facebook","mobile-web","user","daily",2018-06-12,13589
"956","wikipedia","en","Facebook","mobile-web","user","daily",2018-06-13,13497
"957","wikipedia","en","Facebook","mobile-web","user","daily",2018-06-14,12633
"958","wikipedia","en","Facebook","mobile-web","user","daily",2018-06-15,11908
"959","wikipedia","en","Facebook","mobile-web","user","daily",2018-06-16,12750
"960","wikipedia","en","Facebook","mobile-web","user","daily",2018-06-17,12834
"961","wikipedia","en","Facebook","mobile-web","user","daily",2018-06-18,10404
"962","wikipedia","en","Facebook","mobile-web","user","daily",2018-06-19,10456
"963","wikipedia","en","Facebook","mobile-web","user","daily",2018-06-20,10091
"964","wikipedia","en","Facebook","mobile-web","user","daily",2018-06-21,12880
"965","wikipedia","en","Facebook","mobile-web","user","daily",2018-06-22,12601
"966","wikipedia","en","Facebook","mobile-web","user","daily",2018-06-23,13572
"967","wikipedia","en","Facebook","mobile-web","user","daily",2018-06-24,15450
"968","wikipedia","en","Facebook","mobile-web","user","daily",2018-06-25,15160
"969","wikipedia","en","Facebook","mobile-web","user","daily",2018-06-26,15279
"970","wikipedia","en","Facebook","mobile-web","user","daily",2018-06-27,15251
"971","wikipedia","en","Facebook","mobile-web","user","daily",2018-06-28,18621
"972","wikipedia","en","Facebook","mobile-web","user","daily",2018-06-29,14616
"973","wikipedia","en","Facebook","mobile-web","user","daily",2018-06-30,15312
"974","wikipedia","en","Facebook","mobile-web","user","daily",2018-07-01,16250
"975","wikipedia","en","Facebook","mobile-web","user","daily",2018-07-02,16977
"976","wikipedia","en","Facebook","mobile-web","user","daily",2018-07-03,14870
"977","wikipedia","en","Facebook","mobile-web","user","daily",2018-07-04,15295
"978","wikipedia","en","Facebook","mobile-web","user","daily",2018-07-05,15920
"979","wikipedia","en","Facebook","mobile-web","user","daily",2018-07-06,15893
"980","wikipedia","en","Facebook","mobile-web","user","daily",2018-07-07,16323
"981","wikipedia","en","Facebook","mobile-web","user","daily",2018-07-08,17758
"982","wikipedia","en","Facebook","mobile-web","user","daily",2018-07-09,16853
"983","wikipedia","en","Facebook","mobile-web","user","daily",2018-07-10,16119
"984","wikipedia","en","Facebook","mobile-web","user","daily",2018-07-11,14444
"985","wikipedia","en","Facebook","mobile-web","user","daily",2018-07-12,14776
"986","wikipedia","en","Facebook","mobile-web","user","daily",2018-07-13,14357
"987","wikipedia","en","Facebook","mobile-web","user","daily",2018-07-14,14000
"988","wikipedia","en","Facebook","mobile-web","user","daily",2018-07-15,15187
"989","wikipedia","en","Facebook","mobile-web","user","daily",2018-07-16,15384
"990","wikipedia","en","Facebook","mobile-web","user","daily",2018-07-17,15329
"991","wikipedia","en","Facebook","mobile-web","user","daily",2018-07-18,15446
"992","wikipedia","en","Facebook","mobile-web","user","daily",2018-07-19,15049
"993","wikipedia","en","Facebook","mobile-web","user","daily",2018-07-20,16972
"994","wikipedia","en","Facebook","mobile-web","user","daily",2018-07-21,20798
"995","wikipedia","en","Facebook","mobile-web","user","daily",2018-07-22,20371
"996","wikipedia","en","Facebook","mobile-web","user","daily",2018-07-23,16788
"997","wikipedia","en","Facebook","mobile-web","user","daily",2018-07-24,16296
"998","wikipedia","en","Facebook","mobile-web","user","daily",2018-07-25,16317
"999","wikipedia","en","Facebook","mobile-web","user","daily",2018-07-26,17992
"1000","wikipedia","en","Facebook","mobile-web","user","daily",2018-07-27,19579
"1001","wikipedia","en","Facebook","mobile-web","user","daily",2018-07-28,18478
"1002","wikipedia","en","Facebook","mobile-web","user","daily",2018-07-29,19095
"1003","wikipedia","en","Facebook","mobile-web","user","daily",2018-07-30,16937
"1004","wikipedia","en","Facebook","mobile-web","user","daily",2018-07-31,16775
"1005","wikipedia","en","Facebook","mobile-web","user","daily",2018-08-01,16898
"1006","wikipedia","en","Facebook","mobile-web","user","daily",2018-08-02,17263
"1007","wikipedia","en","Facebook","mobile-web","user","daily",2018-08-03,19218
"1008","wikipedia","en","Facebook","mobile-web","user","daily",2018-08-04,15315
"1009","wikipedia","en","Facebook","mobile-web","user","daily",2018-08-05,16377
"1010","wikipedia","en","Facebook","mobile-web","user","daily",2018-08-06,15973
"1011","wikipedia","en","Facebook","mobile-web","user","daily",2018-08-07,17025
"1012","wikipedia","en","Facebook","mobile-web","user","daily",2018-08-08,16759
"1013","wikipedia","en","Facebook","mobile-web","user","daily",2018-08-09,14881
"1014","wikipedia","en","Facebook","mobile-web","user","daily",2018-08-10,15124
"1015","wikipedia","en","Facebook","mobile-web","user","daily",2018-08-11,15824
"1016","wikipedia","en","Facebook","mobile-web","user","daily",2018-08-12,17742
"1017","wikipedia","en","Facebook","mobile-web","user","daily",2018-08-13,17597
"1018","wikipedia","en","Facebook","mobile-web","user","daily",2018-08-14,16675
"1019","wikipedia","en","Facebook","mobile-web","user","daily",2018-08-15,17342
"1020","wikipedia","en","Facebook","mobile-web","user","daily",2018-08-16,16992
"1021","wikipedia","en","Facebook","mobile-web","user","daily",2018-08-17,17158
"1022","wikipedia","en","Facebook","mobile-web","user","daily",2018-08-18,18985
"1023","wikipedia","en","Facebook","mobile-web","user","daily",2018-08-19,18384
"1024","wikipedia","en","Facebook","mobile-web","user","daily",2018-08-20,15386
"1025","wikipedia","en","Facebook","mobile-web","user","daily",2018-08-21,16307
"1026","wikipedia","en","Facebook","mobile-web","user","daily",2018-08-22,16637
"1027","wikipedia","en","Facebook","mobile-web","user","daily",2018-08-23,15443
"1028","wikipedia","en","Facebook","mobile-web","user","daily",2018-08-24,18100
"1029","wikipedia","en","Facebook","mobile-web","user","daily",2018-08-25,16355
"1030","wikipedia","en","Facebook","mobile-web","user","daily",2018-08-26,17314
"1031","wikipedia","en","Facebook","mobile-web","user","daily",2018-08-27,16975
"1032","wikipedia","en","Facebook","mobile-web","user","daily",2018-08-28,16497
"1033","wikipedia","en","Facebook","mobile-web","user","daily",2018-08-29,16348
"1034","wikipedia","en","Facebook","mobile-web","user","daily",2018-08-30,15939
"1035","wikipedia","en","Facebook","mobile-web","user","daily",2018-08-31,15079
"1036","wikipedia","en","Facebook","mobile-web","user","daily",2018-09-01,15049
"1037","wikipedia","en","Facebook","mobile-web","user","daily",2018-09-02,15699
"1038","wikipedia","en","Facebook","mobile-web","user","daily",2018-09-03,18004
"1039","wikipedia","en","Facebook","mobile-web","user","daily",2018-09-04,15156
"1040","wikipedia","en","Facebook","mobile-web","user","daily",2018-09-05,14898
"1041","wikipedia","en","Facebook","mobile-web","user","daily",2018-09-06,15105
"1042","wikipedia","en","Facebook","mobile-web","user","daily",2018-09-07,15242
"1043","wikipedia","en","Facebook","mobile-web","user","daily",2018-09-08,15911
"1044","wikipedia","en","Facebook","mobile-web","user","daily",2018-09-09,16279
"1045","wikipedia","en","Facebook","mobile-web","user","daily",2018-09-10,15815
"1046","wikipedia","en","Facebook","mobile-web","user","daily",2018-09-11,15846
"1047","wikipedia","en","Facebook","mobile-web","user","daily",2018-09-12,15688
"1048","wikipedia","en","Facebook","mobile-web","user","daily",2018-09-13,15312
"1049","wikipedia","en","Facebook","mobile-web","user","daily",2018-09-14,15301
"1050","wikipedia","en","Facebook","mobile-web","user","daily",2018-09-15,16473
"1051","wikipedia","en","Facebook","mobile-web","user","daily",2018-09-16,15987
"1052","wikipedia","en","Facebook","mobile-web","user","daily",2018-09-17,14288
"1053","wikipedia","en","Facebook","mobile-web","user","daily",2018-09-18,13963
"1054","wikipedia","en","Facebook","mobile-web","user","daily",2018-09-19,14878
"1055","wikipedia","en","Facebook","mobile-web","user","daily",2018-09-20,14959
"1056","wikipedia","en","Facebook","mobile-web","user","daily",2018-09-21,14628
"1057","wikipedia","en","Facebook","mobile-web","user","daily",2018-09-22,13631
"1058","wikipedia","en","Facebook","mobile-web","user","daily",2018-09-23,14156
"1059","wikipedia","en","Facebook","mobile-web","user","daily",2018-09-24,16168
"1060","wikipedia","en","Facebook","mobile-web","user","daily",2018-09-25,14657
"1061","wikipedia","en","Facebook","mobile-web","user","daily",2018-09-26,13909
"1062","wikipedia","en","Facebook","mobile-web","user","daily",2018-09-27,13145
"1063","wikipedia","en","Facebook","mobile-web","user","daily",2018-09-28,12857
"1064","wikipedia","en","Facebook","mobile-web","user","daily",2018-09-29,12991
"1065","wikipedia","en","Facebook","mobile-web","user","daily",2018-09-30,12694
"1066","wikipedia","en","Facebook","mobile-web","user","daily",2018-10-01,13465
"1067","wikipedia","en","Facebook","mobile-web","user","daily",2018-10-02,12541
"1068","wikipedia","en","Facebook","mobile-web","user","daily",2018-10-03,11579
"1069","wikipedia","en","Facebook","mobile-web","user","daily",2018-10-04,12280
"1070","wikipedia","en","Facebook","mobile-web","user","daily",2018-10-05,11645
"1071","wikipedia","en","Facebook","mobile-web","user","daily",2018-10-06,11974
"1072","wikipedia","en","Facebook","mobile-web","user","daily",2018-10-07,12341
"1073","wikipedia","en","Facebook","mobile-web","user","daily",2018-10-08,12425
"1074","wikipedia","en","Facebook","mobile-web","user","daily",2018-10-09,12032
"1075","wikipedia","en","Facebook","mobile-web","user","daily",2018-10-10,11985
"1076","wikipedia","en","Facebook","mobile-web","user","daily",2018-10-11,11636
"1077","wikipedia","en","Facebook","mobile-web","user","daily",2018-10-12,11937
"1078","wikipedia","en","Facebook","mobile-web","user","daily",2018-10-13,12574
"1079","wikipedia","en","Facebook","mobile-web","user","daily",2018-10-14,11497
"1080","wikipedia","en","Facebook","mobile-web","user","daily",2018-10-15,11192
"1081","wikipedia","en","Facebook","mobile-web","user","daily",2018-10-16,11071
"1082","wikipedia","en","Facebook","mobile-web","user","daily",2018-10-17,13216
"1083","wikipedia","en","Facebook","mobile-web","user","daily",2018-10-18,11593
"1084","wikipedia","en","Facebook","mobile-web","user","daily",2018-10-19,11603
"1085","wikipedia","en","Facebook","mobile-web","user","daily",2018-10-20,12699
"1086","wikipedia","en","Facebook","mobile-web","user","daily",2018-10-21,12646
"1087","wikipedia","en","Facebook","mobile-web","user","daily",2018-10-22,11235
"1088","wikipedia","en","Facebook","mobile-web","user","daily",2018-10-23,9510
"1089","wikipedia","en","Facebook","mobile-web","user","daily",2018-10-24,10542
"1090","wikipedia","en","Facebook","mobile-web","user","daily",2018-10-25,10512
"1091","wikipedia","en","Facebook","mobile-web","user","daily",2018-10-26,10777
"1092","wikipedia","en","Facebook","mobile-web","user","daily",2018-10-27,9560
"1093","wikipedia","en","Facebook","mobile-web","user","daily",2018-10-28,13643
"1094","wikipedia","en","Facebook","mobile-web","user","daily",2018-10-29,11287
"1095","wikipedia","en","Facebook","mobile-web","user","daily",2018-10-30,11382
"1096","wikipedia","en","Facebook","mobile-web","user","daily",2018-10-31,11343
"1097","wikipedia","en","Facebook","mobile-web","user","daily",2018-11-01,11474
"1098","wikipedia","en","Facebook","mobile-web","user","daily",2018-11-02,11292
